id,team_id,role,full_name,archetype,leadership,football_iq,motivation,adaptability,aggressiveness,talent_dev,scheme_fit,run_bias,pass_bias,tempo,creativity,red_zone_iq,man_bias,zone_bias,blitz_rate,turnover_focus,bend_break
750e8400-e29b-41d4-a716-446655440001,550e8400-e29b-41d4-a716-446655440100,HC,Bill Anderson,Motivator,85,82,90,78,65,80,75,50,50,60,70,85,55,55,50,60,65
750e8400-e29b-41d4-a716-446655440002,550e8400-e29b-41d4-a716-446655440100,OC,Tom Mitchell,Air Raid,70,88,75,85,70,65,80,30,90,85,82,88,45,45,40,55,50
750e8400-e29b-41d4-a716-446655440003,550e8400-e29b-41d4-a716-446655440100,DC,Mike Stevens,Aggressive,75,85,70,72,88,70,78,50,50,55,65,75,60,60,80,85,40
750e8400-e29b-41d4-a716-446655440004,550e8400-e29b-41d4-a716-446655440101,HC,John Parker,Tactician,78,92,72,90,55,75,85,50,50,55,75,82,55,55,45,65,55
750e8400-e29b-41d4-a716-446655440005,550e8400-e29b-41d4-a716-446655440101,OC,Dave Wilson,Run Heavy,72,80,78,75,65,70,80,85,35,45,60,70,50,50,50,55,60
750e8400-e29b-41d4-a716-446655440006,550e8400-e29b-41d4-a716-446655440101,DC,Steve Roberts,Zone Specialist,80,86,75,82,45,72,82,50,50,50,70,78,35,85,55,75,75



